{
    "Binary": {
        "Accuracy": 0.9671485398273019,
        "Precision": 0.9731879877326693,
        "Recall": 0.9753499695678637,
        "F1 Score": 0.9742677792470323
    },
    "Multi-Class": {
        "Accuracy": 0.835897933443291,
        "Precision": 0.8281381757879003,
        "Recall": 0.835897933443291,
        "F1 Score": 0.8255627763038074
    },
    "Confusion Matrix (Binary)": [
        [
            17792,
            883
        ],
        [
            810,
            32050
        ]
    ],
    "Confusion Matrix (Multi-Class)": [
        [
            33,
            0,
            105,
            326,
            8,
            0,
            66,
            0,
            0,
            0
        ],
        [
            0,
            0,
            92,
            343,
            16,
            0,
            8,
            12,
            0,
            0
        ],
        [
            1,
            0,
            934,
            2194,
            65,
            19,
            33,
            37,
            10,
            0
        ],
        [
            15,
            0,
            902,
            7424,
            249,
            7,
            129,
            113,
            14,
            0
        ],
        [
            4,
            0,
            130,
            561,
            3323,
            0,
            622,
            90,
            12,
            0
        ],
        [
            0,
            0,
            42,
            176,
            51,
            11564,
            7,
            7,
            2,
            0
        ],
        [
            9,
            0,
            1,
            88,
            605,
            0,
            17906,
            61,
            5,
            0
        ],
        [
            0,
            0,
            137,
            612,
            123,
            5,
            66,
            1827,
            0,
            0
        ],
        [
            0,
            0,
            6,
            66,
            55,
            0,
            24,
            102,
            65,
            0
        ],
        [
            0,
            0,
            0,
            22,
            1,
            1,
            0,
            0,
            0,
            2
        ]
    ]
}